<?xml version="1.0" encoding="UTF-8"?>
<MServer>
<system>
    <system-user-agent>MServer</system-user-agent>
    <system-programmupdate-suchen>0</system-programmupdate-suchen>

	<!-- URLs von fertigen Filmlisten die import werden -->
	<system-filmliste-import-url-1>http://87.230.15.105/akt/filme.xz</system-filmliste-import-url-1>
    <!-- 
	<system-filmliste-import-url-2>http://188.68.50.176/akt/filme.xz</system-filmliste-import-url-2>
	-->

	<!-- Livestreams die import werden -->
	<system-filmliste-import-live>live-streams.json</system-filmliste-import-live>
	
	<!-- die Orginal-Liste nach der die Diff erstellt wird -->
    <system-filmliste-org>http://87.230.15.105/akt/filme-org.xz</system-filmliste-org>

    <system-proxy-url></system-proxy-url>
    <system-proxy-port></system-proxy-port>
    <system-debug>1</system-debug>
</system>
	

<!-- die Zeiten an denen die Filmliste gesucht werden soll  -->
<suchen>
	<!-- nur kurze Liste erstelen: max, lang, kurz -->
    <suchen-sender-wie>kurz</suchen-sender-wie>
	<!-- Liste wird neu erstellt: neu, update -->
    <suchen-liste-wie>neu</suchen-liste-wie>
	<!-- wann soll der Suchlauf starten: sofort, 10:00, 12:00 -->
    <suchen-wann>sofort</suchen-wann>
	<!-- wie lang darf der Suchlauf max dauern [min] -->
    <suchen-max-warten>5</suchen-max-warten>
</suchen>

<!-- upload -->

	<!--
	<upload>
		<upload-art>copy</upload-art>
		<upload-liste>diff,akt</upload-liste>
		<upload-dest-dir>/tmp/filme</upload-dest-dir>
	</upload>
	-->

</MServer>


