{
  "Filmliste" : [ "01.06.2016, 15:29", "01.06.2016, 13:29", "3", "MSearch [Rel: 550] - Compiled: 29.05.2016 / 16:16:25", "92bdd1d2c16779f916e64d0bcf493c81" ],
  "Filmliste" : [ "Sender", "Thema", "Titel", "Datum", "Zeit", "Dauer", "Größe [MB]", "Beschreibung", "Url", "Website", "Untertitel", "UrlRTMP", "Url_Klein", "UrlRTMP_Klein", "Url_HD", "UrlRTMP_HD", "DatumL", "Url_History", "Geo", "neu" ],
  "X" : [ "3Sat", "Livestream", "3Sat Livestream", "", "", "", "", "", "http://zdf0910-lh.akamaihd.net/i/dach10_v1@392872/master.m3u8", "http://www.zdf.de/ZDFmediathek/hauptnavigation/live", "", "", "", "", "", "", "", "", "", "" ],
  "X" : [ "ARD", "Livestream", "ARD Livestream", "", "", "", "", "", "http://daserste_live-lh.akamaihd.net/i/daserste_de@91204/master.m3u8", "http://www.ardmediathek.de/tv/live?kanal=Alle", "", "", "", "", "", "", "", "", "", "" ],
  "X" : [ "ARD", "Livestream", "ARD Alpha Livestream", "", "", "", "", "", "http://livestreams.br.de/i/bralpha_germany@119899/master.m3u8", "http://www.ardmediathek.de/tv/live?kanal=Alle", "", "", "", "", "", "", "", "", "", "" ],
  "X" : [ "ARD", "Livestream", "ARD Tagesschau Livestream", "", "", "", "", "", "http://tagesschau-lh.akamaihd.net/i/tagesschau_1@119231/master.m3u8", "http://www.ardmediathek.de/tv/live?kanal=Alle", "", "", "", "", "", "", "", "", "", "" ],
  "X" : [ "ARTE.DE", "Livestream", "ARTE.DE Livestream", "", "", "", "", "", "http://artelive-lh.akamaihd.net/i/artelive_de@393591/master.m3u8", "http://www.ardmediathek.de/tv/live?kanal=Alle", "", "", "", "", "", "", "", "", "", "" ],
  "X" : [ "BR", "Livestream", "BR Livestream", "", "", "", "", "", "http://livestreams.br.de/i/bfsnord_germany@119898/master.m3u8", "http://www.ardmediathek.de/tv/live?kanal=Alle", "", "", "", "", "", "", "", "", "", "" ],
  "X" : [ "HR", "Livestream", "HR Livestream", "", "", "", "", "", "http://live1_hr-lh.akamaihd.net/i/hr_fernsehen@75910/master.m3u8", "http://www.ardmediathek.de/tv/live?kanal=Alle", "", "", "", "", "", "", "", "", "", "" ],
  "X" : [ "KiKA", "Livestream", "KiKA Livestream", "", "", "", "", "", "http://kika_geo-lh.akamaihd.net/i/livetvkika_de@75114/master.m3u8", "http://www.ardmediathek.de/tv/live?kanal=Alle", "", "", "", "", "", "", "", "", "", "" ],
  "X" : [ "MDR", "Livestream", "MDR Livestream", "", "", "", "", "", "http://mdr_th_hls-lh.akamaihd.net/i/livetvmdrthueringen_de@106903/master.m3u8", "http://www.ardmediathek.de/tv/live?kanal=Alle", "", "", "", "", "", "", "", "", "", "" ],
  "X" : [ "NDR", "Livestream", "NDR Livestream", "", "", "", "", "", "http://ndr_fs-lh.akamaihd.net/i/ndrfs_nds@119224/master.m3u8", "http://www.ardmediathek.de/tv/live?kanal=Alle", "", "", "", "", "", "", "", "", "", "" ],
  "X" : [ "ORF", "Livestream", "ORF-1 Livestream", "", "", "", "", "", "http://apasfiisl.apa.at/ipad/orf1_q4a/orf.sdp/playlist.m3u8", "http://tvthek.orf.at/live", "", "", "", "", "", "", "", "", "", "" ],
  "X" : [ "ORF", "Livestream", "ORF-2 Livestream", "", "", "", "", "", "http://apasfiisl.apa.at/ipad/orf2ad_q4a/orf.sdp/playlist.m3u8", "http://tvthek.orf.at/live", "", "", "", "", "", "", "", "", "", "" ],
  "X" : [ "ORF", "Livestream", "ORF-3 Livestream", "", "", "", "", "", "http://apasfiisl.apa.at/ipad/orf3_q4a/orf.sdp/playlist.m3u8", "http://tvthek.orf.at/live", "", "", "", "", "", "", "", "", "", "" ],
  "X" : [ "ORF", "Livestream", "ORF-Sport Livestream", "", "", "", "", "", "http://apasfiisl.apa.at/ipad/orfs_q4a/orf.sdp/playlist.m3u8", "http://tvthek.orf.at/live", "", "", "", "", "", "", "", "", "", "" ],
  "X" : [ "RBB", "Livestream", "RBB Livestream", "", "", "", "", "", "http://rbb_live-lh.akamaihd.net/i/rbb_brandenburg@107638/master.m3u8", "http://www.ardmediathek.de/tv/live?kanal=Alle", "", "", "", "", "", "", "", "", "", "" ],
  "X" : [ "SR", "Livestream", "SR Livestream", "", "", "", "", "", "http://live2_sr-lh.akamaihd.net/i/sr_universal02@107595/master.m3u8", "http://www.ardmediathek.de/tv/live?kanal=Alle", "", "", "", "", "", "", "", "", "", "" ],
  "X" : [ "SWR", "Livestream", "SWR Livestream", "", "", "", "", "", "http://swrbw-lh.akamaihd.net/i/swrbw_live@196738/master.m3u8", "http://www.ardmediathek.de/tv/live?kanal=Alle", "", "", "", "", "", "", "", "", "", "" ],
  "X" : [ "WDR", "Livestream", "WDR Livestream", "", "", "", "", "", "http://wdr_fs_geo-lh.akamaihd.net/i/wdrfs_geogeblockt@112044/master.m3u8", "http://www.ardmediathek.de/tv/live?kanal=Alle", "", "", "", "", "", "", "", "", "", "" ],
  "X" : [ "ZDF", "Livestream", "ZDF Livestream", "", "", "", "", "", "http://zdf1314-lh.akamaihd.net/i/de14_v1@392878/master.m3u8", "http://www.zdf.de/ZDFmediathek/hauptnavigation/live", "", "", "", "", "", "", "", "", "", "" ],
  "X" : [ "ZDF", "Livestream", "ZDF.info Livestream", "", "", "", "", "", "http://zdf1112-lh.akamaihd.net/i/de12_v1@392882/master.m3u8", "http://www.zdf.de/ZDFmediathek/hauptnavigation/live", "", "", "", "", "", "", "", "", "", "" ],
  "X" : [ "ZDF", "Livestream", "ZDF.neo Livestream", "", "", "", "", "", "http://zdf1314-lh.akamaihd.net/i/de13_v1@392877/master.m3u8", "http://www.zdf.de/ZDFmediathek/hauptnavigation/live", "", "", "", "", "", "", "", "", "", "" ],
  "X" : [ "ZDF", "Livestream", "ZDF.kultur Livestream", "", "", "", "", "", "http://zdf1112-lh.akamaihd.net/i/de11_v1@392881/master.m3u8", "http://www.zdf.de/ZDFmediathek/hauptnavigation/live", "", "", "", "", "", "", "", "", "", "" ],
  "X" : [ "ZDF", "Livestream", "ZDF.heute Livestream", "", "", "", "", "", "http://zdf0102-lh.akamaihd.net/i/none01_v1@392849/master.m3u8", "http://www.zdf.de/ZDFmediathek/hauptnavigation/live", "", "", "", "", "", "", "", "", "", "" ],
  "X" : [ "PHOENIX", "Livestream", "PHOENIX Livestream", "", "", "", "", "", "http://zdf0910-lh.akamaihd.net/i/de09_v1@392871/master.m3u8", "http://www.zdf.de/ZDFmediathek/hauptnavigation/live", "", "", "", "", "", "", "", "", "", "" ]
}
